Grid Size,Grid Nodes,D* Time (ms),D* Lite Time (ms),D* Std Dev (ms),D* Lite Std Dev (ms),D* Memory (MB),D* Lite Memory (MB),Speedup,Time Saved (%),Memory Saved (%)
5x5,25,0.26949200000014883,0.4997048000001669,0.013168274621253355,0.024518490710110877,0.00438690185546875,0.00365447998046875,0.5393024041395216,-85.42472503817959,16.695652173913047
10x10,100,1.4255498000002476,1.2622220000000794,0.48770137482988923,0.09630378263613545,0.02045440673828125,0.019256591796875,1.1293970474291828,11.457179538739352,5.856023871689668
15x15,225,3.2069865999998726,2.2119127999998156,0.4774188004190059,0.4739625134393914,0.04993438720703125,0.03525543212890625,1.4498702661335203,31.028311749107296,29.3964858670741
20x20,400,5.630359999999968,2.887636600000043,0.7304755234422412,0.6387637006585182,0.09418487548828125,0.06353378295898438,1.9498159844628247,48.713108930866596,32.543539894694206
25x25,625,8.682965000000031,3.769133999999852,0.5410917301613434,0.4077339319590594,0.13959503173828125,0.08058547973632812,2.3037029195566867,56.591625095807274,42.27195715144559
30x30,900,13.138219000000184,4.168706199999939,0.9512406258841539,0.5343578234645814,0.20996856689453125,0.14660263061523438,3.1516298749958382,68.27038581104577,30.178772573671015
