Grid Size,Grid Nodes,D* Time (ms),D* Lite Time (ms),D* Std Dev (ms),D* Lite Std Dev (ms),D* Memory (MB),D* Lite Memory (MB),Speedup,Time Saved (%),Memory Saved (%)
5x5,25,0.03278020000010429,0.042523399999794265,0.0005843399695151542,0.02134709688184299,0.00438690185546875,0.00365447998046875,0.7708743891660329,-29.72282048205618,16.695652173913047
10x10,100,0.0905433999996319,0.5364060000001558,0.033845765012733633,0.9533979752749261,0.02045440673828125,0.019256591796875,0.16879639675843597,-492.42970774494495,5.856023871689668
15x15,225,0.6798117999998965,0.15722480000022188,1.257163541321595,0.07143561313985212,0.04993438720703125,0.03525543212890625,4.323820415093148,76.87230495259926,29.3964858670741
20x20,400,0.2525284000000738,0.2010820000005964,0.13467942284482834,0.102417333886909,0.09418487548828125,0.06353378295898438,1.2558478630574832,20.37252047669189,32.543539894694206
25x25,625,0.20913979999974686,0.2585685999996201,0.024990959339238467,0.11187555197233189,0.13965129852294922,0.08058547973632812,0.8088368038503287,-23.634334545568613,42.29521630757674
30x30,900,0.27406879999993805,0.39336480000002894,0.06718122472285828,0.2331940653339087,0.20996856689453125,0.14660263061523438,0.6967293463978421,-43.52775653416873,30.178772573671015
