Grid Size,Grid Nodes,D* Time (ms),D* Lite Time (ms),D* Std Dev (ms),D* Lite Std Dev (ms),D* Memory (MB),D* Lite Memory (MB),Speedup,Time Saved (%),Memory Saved (%)
5x5,25,0.24697220000007292,0.3894596000002082,0.061272893419744345,0.06946992675496659,0.00438690185546875,0.00365447998046875,0.6341407427110306,-57.6936999387353,16.695652173913047
10x10,100,1.0813973999994175,0.9750557999993248,0.31770019325097265,0.1589403542154661,0.02045440673828125,0.019256591796875,1.109062065986548,9.833720702504925,5.856023871689668
15x15,225,2.287231200000406,1.6515156000011189,0.2570019528861035,0.41171289340866135,0.04993438720703125,0.03525543212890625,1.3849286073948417,27.7941119375765,29.3964858670741
20x20,400,4.429787600000168,1.921105800001044,0.6143919850862813,0.1887658908433071,0.09418487548828125,0.06353378295898438,2.3058530144449936,56.63210127724925,32.543539894694206
25x25,625,6.678545999999841,2.583928199999974,0.5229964360621758,0.2562224931372135,0.13959503173828125,0.08058547973632812,2.5846484434048547,61.310018677717636,42.27195715144559
30x30,900,9.710906000000108,3.228630400001009,0.20226376725254225,0.2786316375695119,0.20996856689453125,0.14660263061523438,3.007747805384312,66.75253163812961,30.178772573671015
